{
  "hyper_parameters_optimization": {
    "method": {
      "name": "rbfopt",
      "parameters": [{
        "name": "objective",
        "string_value": "val_acc"
      }, {
        "name": "maximize_or_minimize",
        "string_value": "maximize"
      }, {
        "name": "num_optimizer_steps",
        "int_value": 3
      }, {
        "name": "filename",
        "string_value": "val_dict_list.json"
      }, {
        "name": "time_interval",
        "string_value": "steps"
      }]
    },
    "hyper_parameters": [{
      "name": "learning_rate",
      "double_range": {
        "min_value": 0.00010,
        "max_value": 0.001,
        "step": 0.00030
      }
    }]
  }
}